province;red;green;blue;x;x
1;112;67;46;CornerBlaken;x
2;43;24;114;Corner2;x
20;182;65;131;KoreaStart;x
21;47;193;3;x;x
22;71;106;253;x;x
23;132;19;6;x;x
24;54;239;2;x;x
25;25;147;125;x;x
26;182;205;129;x;x
27;123;226;22;x;x
28;44;58;104;x;x
29;84;17;152;x;x
30;201;140;248;x;x
31;83;17;152;x;x
32;68;118;175;x;x
33;208;190;115;x;x
34;207;47;178;x;x
35;4;61;4;x;x
36;109;118;170;x;x
37;224;58;88;x;x
38;149;48;120;x;x
39;17;26;11;x;x
40;64;153;80;x;x
41;183;190;75;x;x
42;72;202;96;x;x
43;162;80;48;x;x
44;100;36;213;x;x
45;33;36;147;x;x
46;229;247;16;x;x
47;235;26;245;x;x
48;67;165;25;x;x
49;207;202;98;x;x
50;225;65;100;x;x
51;153;79;37;x;x
52;251;103;12;KoreaHalf;x
53;36;149;104;x;x
54;116;65;144;x;x
55;183;10;108;x;x
56;89;208;205;x;x
57;93;68;25;x;x
58;55;136;77;x;x
59;102;232;209;x;x
60;91;42;213;x;x
61;228;21;85;x;x
62;127;19;171;x;x
63;65;94;210;x;x
64;222;197;73;x;x
65;163;27;235;x;x
66;80;222;11;x;x
67;191;57;72;x;x
68;145;146;57;x;x
69;183;83;176;x;x
70;142;67;8;x;x
71;171;43;174;x;x
72;42;12;232;x;x
73;231;28;61;x;x
74;230;112;18;x;x
75;9;114;232;x;x
76;133;230;77;x;x
77;250;174;27;x;x
78;166;50;246;x;x
79;102;160;238;x;x
80;4;118;115;x;x
81;227;107;84;KoreaEnde;x
305;171;130;0;Perm;x
394;56;52;255;El Catif;x
395;184;54;0;Qatar;x
396;56;56;64;Bahrain;x
397;184;58;128;Bani Yas;x
398;56;60;192;Qawasim;x
399;185;62;255;Suhar;x
400;57;64;0;Muscat;x
401;185;66;64;Dhofar;x
402;57;68;128;Mahra;x
403;185;70;192;Nizwa;x
404;57;72;255;Liwa;x
412;58;88;128;Ahvaz;x
414;59;92;255;Hamadan;x
417;187;98;128;Gilan;x
421;188;106;64;Shirvan;x
426;60;116;64;Amol;x
427;189;118;128;Shahrud;x
428;61;120;192;Rey;x
429;189;122;255;Isfahan;x
430;61;124;0;Bushehr;x
431;189;126;64;Hormuz;x
432;61;128;128;Kerman;x
433;189;130;192;Dash-i-Lut;x
434;62;132;255;Quhistan;x
435;190;134;0;Sistan;x
436;62;136;64;Birjand;x
437;190;138;128;Atak;x
438;62;140;192;Kara Kum;x
439;190;142;255;Mangyshlak;x
440;62;144;0;Qaraqalpak;x
441;191;146;64;Khiva;x
442;63;148;128;Bukhara;x
443;191;150;192;Ust Yurt;x
444;63;152;255;Charjuy;x
445;191;154;0;Marv;x
446;63;156;64;Herat;x
447;191;158;128;Kandahar;x
448;64;32;192;Gazni;x
449;192;34;255;Ghor;x
450;64;36;0;Balkh;x
451;192;38;64;Kabul;x
452;64;40;128;Badakhshan;x
453;192;42;192;Qarshi;x
454;64;44;255;Samarkand;x
455;193;46;0;Kyrzyl-Kum;x
456;65;48;64;Turkestan;x
457;193;50;128;Tashkent;x
458;65;52;192;Kokand;x
459;193;54;255;Taraz;x
460;65;56;0;Uzkend;x
461;193;58;64;Zhetysu;x
465;194;66;0;Nogay;x
469;195;74;255;Ryn;x
470;67;76;0;Bayuly;x
471;195;78;64;Alimuly;x
472;67;80;128;Zhetyru;x
473;195;82;192;Samara;x
474;67;84;255;Yaik;x
475;195;86;0;Bashkortostan;x
476;68;88;64;Kypshak;x
477;196;90;128;Nadym;x
478;68;92;192;Argyn;x
479;196;94;255;Kerey;x
480;68;96;0;Kulunda;x
503;199;142;192;Kutch;x
504;72;144;255;Thatta;x
505;200;146;0;Sehwan;x
506;72;148;64;Multan;x
507;200;150;128;Lahore;x
508;72;152;192;Kashmir;x
509;200;154;255;Kangra;x
510;72;156;0;Sirhind;x
511;201;158;64;Garhwal;x
512;73;32;128;Jangladesh;x
513;201;34;192;Jaisalmer;x
514;73;36;255;Marwar;x
515;201;38;0;Girnar;x
516;73;40;64;Baroda;x
517;201;42;128;Surat;x
518;74;44;192;Chittorgarh;x
519;202;46;255;Dundhar;x
520;74;48;0;Mewat;x
521;202;50;64;Rajkot;x
522;74;52;128;Delhi;x
523;202;54;192;Oudh;x
524;74;56;255;Central Doab;x
525;203;58;0;Gird;x
526;75;60;64;Mandu;x
527;203;62;128;Khandesh;x
528;75;64;192;Hadoti;x
529;203;66;255;North Konkan;x
530;75;68;0;South Konkan;x
531;203;70;64;North Kanara;x
532;76;72;128;Raichur Doab;x
533;204;74;192;Mysore;x
534;76;76;255;Malabar;x
535;204;78;0;Kochin;x
536;76;80;64;Madurai;x
537;204;82;128;Venad;x
538;76;84;192;Kongu;x
539;205;86;255;Tondainadu;x
540;77;88;0;Coromandel;x
541;205;90;64;Vijayanagar;x
542;77;92;128;Golconda;x
543;205;94;192;Velanadu;x
544;77;96;255;Ahmadnagar;x
545;205;98;0;Marathwada;x
546;78;100;64;East Berar;x
547;206;102;128;Bastar;x
548;78;104;192;West Berar;x
549;206;106;255;Kalingandhra;x
550;78;108;0;Mahakoshal;x
551;206;110;64;Mandla;x
552;78;112;128;Cuttack;x
553;207;114;192;Sambalpur;x
554;79;116;255;Baisi Rayja;x
555;207;118;0;Jaunpur;x
556;79;120;64;Lower Doab;x
557;207;122;128;Katmandu;x
558;79;124;192;Patna;x
559;207;126;255;Bundelkhand;x
560;80;128;0;Jharkand;x
561;208;130;64;Bengal Delta;x
562;80;132;128;Koch;x
563;208;134;192;Gauda;x
564;80;136;255;Dacca;x
565;208;138;0;Bhutan;x
566;80;140;64;Assam;x
567;209;142;128;Sylhet;x
568;81;144;192;Chittagong;x
569;209;146;255;Bijapur;x
570;81;148;0;Naga;x
571;209;150;64;Darrang;x
572;81;152;128;Kotte;x
573;209;154;192;Kachar;x
574;82;156;255;The Andamans;x
575;210;158;0;Eastern Makran;x
576;82;32;64;Indus;x
577;210;34;128;Quetta;x
578;82;36;192;Khyber;x
579;210;38;255;Arakan;x
580;82;40;0;Chin;x
581;211;42;64;Sagaing;x
582;83;44;128;Kachin;x
583;211;46;192;Hsenwi;x
584;83;48;255;Kyuakse;x
585;211;50;0;Toungoo;x
586;83;52;64;Pegu;x
587;211;54;128;Keng Tung;x
588;84;56;192;Mongnai;x
589;212;58;255;Chiang Mai;x
590;84;60;0;Moulmein;x
591;212;62;64;Tenasserim;x
592;84;64;128;Ratchaburi;x
593;212;66;192;Ligore;x
594;84;68;255;Pattani;x
595;213;70;0;Perak;x
596;85;72;64;Malacca;x
597;213;74;128;Johor;x
598;85;76;192;Pahang;x
599;213;78;255;Kelantan;x
600;85;80;0;Ayutthaya;x
601;213;82;64;Sukthothai;x
602;86;84;128;Chian Rai;x
603;214;86;192;Rayong;x
604;86;88;255;Udong;x
605;214;90;0;Prei Nokoi;x
606;86;92;64;Panduranga;x
607;214;94;128;Vijaya;x
608;86;96;192;Champassak;x
609;215;98;255;Siem Reap;x
610;87;100;0;Binh Tri Thien;x
611;215;102;64;Thakhek;x
612;87;104;128;Khorat;x
613;215;106;192;Thang Long;x
614;87;108;255;Vientiane;x
615;215;110;0;Luang Prabang;x
616;88;112;64;Viet Bac;x
617;216;114;128;Aceh;x
618;88;116;192;Aru;x
619;216;118;255;Minangkabau;x
620;88;120;0;Siak;x
621;216;122;64;Benkulen;x
622;88;124;128;Palembang;x
623;217;126;192;Lampung;x
624;89;128;255;Banten;x
625;217;130;0;Priangan;x
626;89;132;64;Mataram;x
627;217;134;128;Blambangan;x
628;89;136;192;Surabaya;x
629;217;138;255;Demak;x
630;90;140;0;Sunda;x
631;218;142;64;Bali-Lombok;x
632;90;144;128;Sumbawa;x
633;218;146;192;Flores;x
634;90;148;255;Sumba;x
635;218;150;0;Timor;x
636;90;152;64;Brunei;x
637;219;154;128;Sabah;x
638;91;156;192;Kutei;x
639;219;158;255;Banjarmasin;x
640;91;32;0;Sukadane;x
641;219;34;64;Makassar;x
642;91;36;128;Bone;x
643;219;38;192;Pose;x
644;92;40;255;Menade;x
645;220;42;0;Buru;x
646;92;44;64;Ambom;x
647;220;46;128;Ceram;x
648;92;48;192;Halmahera;x
649;220;50;255;Ternate;x
650;92;52;0;Tidore;x
651;221;54;64;Sulu;x
652;93;56;128;Maguindanae;x
653;221;58;192;Tagoloan;x
654;93;60;255;Samar;x
655;221;62;0;Palawan;x
656;93;64;64;Manila;x
657;221;66;128;Samtoy;x
658;94;68;192;Cagayan;x
659;222;70;255;Riau;x
660;94;72;0;Xishuan Banna;x
661;222;74;64;Dali;x
662;94;76;128;Yunnan;x
663;222;78;192;Wenshan;x
664;94;80;255;Guangxi;x
665;223;82;0;XXX;x
666;95;84;64;Hainan;x
667;223;86;128;Guangzhou;x
668;95;88;192;Macau;x
669;223;90;255;Fuzhou;x
670;95;92;0;Ganzhou;x
671;223;94;64;Changsha;x
672;96;96;128;Chenzhou;x
673;224;98;192;Bozhou;x
674;96;100;255;Guiyang;x
675;224;102;0;Liangshan;x
676;96;104;64;U-Tsang;x
677;224;106;128;Qamdo;x
678;96;108;192;Kham;x
679;225;110;255;Sichuan Pendi;x
680;97;112;0;Shenquing;x
681;225;114;64;Yichuan;x
682;97;116;128;Hanyang;x
683;225;118;192;Nanchang;x
684;97;120;255;Hangzhou;x
685;225;122;0;Huai'an;x
686;98;124;64;Anqing;x
687;226;126;128;Running;x
688;98;128;192;Kaifeng;x
689;226;130;255;Fengyuan;x
690;98;132;0;Shandong Bandao;x
691;226;134;64;Jinan;x
692;98;136;128;Handan;x
693;227;138;192;Sanguan;x
694;99;140;255;Changzhi;x
695;227;142;0;Beijing;x
696;99;144;64;Xuan Fu;x
697;227;146;128;Datong;x
698;99;148;192;Guyuan;x
699;227;150;255;Lanzhou;x
700;100;152;0;Shaanxi;x
701;228;154;64;Ordos;x
702;100;156;128;Ulaanchab;x
703;228;158;192;Chengde;x
704;100;32;255;Liaoxi;x
705;228;34;0;Dangla;x
706;100;36;64;Amdo;x
707;229;38;128;Yumen;x
708;101;40;192;Gansu;x
709;229;42;255;Ningxia;x
710;101;44;0;Hotan;x
711;229;46;64;Qarqan;x
712;101;48;128;Uighuristan;x
713;229;50;192;Kuruk Tag;x
714;102;52;255;Dzungaria;x
715;230;54;0;Urumqi;x
716;102;56;64;Tannu Tuva;x
717;230;58;128;Selenge;x
718;102;60;192;Govi Altay;x
719;230;62;255;Khangai;x
720;102;64;0;Dorno Govi;x
721;231;66;64;Dornod;x
722;103;68;128;Chahar;x
723;231;70;192;Xilin Gol;x
724;103;72;255;Yakesa;x
725;231;74;0;Hinggan;x
726;103;76;64;Liaodong;x
727;231;78;128;Heilongjiang;x
728;104;80;192;Sanxing;x
729;232;82;255;Wusuli;x
730;104;84;0;Haixi;x
731;232;86;64;Ninguta;x
732;104;88;128;Hamheung;x
733;232;90;192;Hwangju;x
734;104;92;255;Gangwon;x
735;153;134;173;Hanseong;x
736;217;164;164;Sangju;x
737;233;98;128;Jeonju;x
738;105;100;192;Taiwan;x
739;233;102;255;Kashgar;x
740;105;104;0;Chanderi;x
1012;25;132;126;Satsuma;x
1013;233;94;0;Cheongju;x
1014;25;136;32;Bungo;x
1015;153;138;79;Okinawa;x
1016;26;140;126;Nghe An;x
1017;154;142;173;Suo;x
1018;26;144;32;Izumo;x
1019;154;146;79;Harima;x
1020;26;148;126;Kyoto;x
1021;154;150;173;Settsu;x
1022;26;152;32;Amaravati;x
1023;155;154;79;Echizen;x
1024;27;156;126;Echigo;x
1025;155;158;173;Dewa;x
1026;27;32;32;Mutsu;x
1027;155;34;79;Hitachi;x
1028;27;36;126;Musashi;x
1029;155;38;173;Kai;x
1030;28;40;32;Owari;x
1031;156;42;79;Kamikawa;x
1032;28;44;126;Kurils;x
1033;156;46;173;Sakhalin;x
1034;28;48;32;Kamchatka;x
1035;156;50;79;Penchisky;x
1036;28;52;126;Podzhiversk;x
1037;157;54;173;Nizhe-Kolymsk;x
1038;29;56;32;Anadyrsk;x
1039;157;58;79;Verkhoyansk;x
1040;29;254;126;Suntar Khayat;x
1041;157;62;173;Gizhiga;x
1042;29;64;32;Kamnuskoye;x
1043;157;66;79;Okhotsk;x
1044;30;68;126;Tauisk;x
1045;158;70;173;Yakutsk;x
1046;30;243;32;Butalsk;x
1047;158;174;79;Jugjur;x
1048;30;76;126;Udskoye;x
1049;158;78;173;Saghalian Oula;x
1050;30;80;32;Deren;x
1051;159;82;79;Uchurskoye;x
1052;31;84;126;Verkohzehkoye;x
1053;159;86;173;Albazinsky;x
1054;31;88;32;Ilimsk;x
1055;159;90;79;Verkne-Angarsky;x
1056;31;92;126;Barguzinsky;x
1057;159;94;173;Udinsky;x
1058;32;96;32;Nerchinsky;x
1059;160;98;79;Bratsk;x
1060;32;100;126;Irkutsk;x
1061;160;102;173;Yeniseysk;x
1062;32;104;32;Kachinsk;x
1063;160;106;79;Sayan;x
1064;32;108;126;Tomsk;x
1065;161;110;173;Kuznetsk;x
1066;33;112;32;Altai;x
1067;161;114;79;Narym;x
1068;33;116;126;Pegaya Orda;x
1069;161;118;173;Surgut;x
1070;33;120;32;Koda;x
1071;161;122;79;Tara;x
1072;34;124;126;Obdorsk;x
1073;162;226;173;Berezov;x
1074;34;228;32;Sibir;x
1075;162;130;79;Tyumen;x
1076;34;132;126;Kurgan;x
1077;162;134;173;Solikamsk;x
1078;34;136;32;Middle Urals;x
1079;163;138;79;Viatka;x
1080;35;140;126;North Urals;x
1082;35;144;32;Kazan;x
1084;35;148;126;Wadjuk;x
1085;163;150;173;Paredarerme;x
1086;36;152;32;Kaurna;x
1087;164;154;79;Woiworung;x
1088;36;156;126;Wergaia;x
1089;164;158;173;Wiradjuri;x
1090;36;232;32;Eora;x
1091;164;34;79;Kamilaroi;x
1092;36;36;126;Bundjalung;x
1093;165;38;173;Barunggam;x
1094;37;240;32;Gubbi Gubbi;x
1099;165;50;79;Socotra;x
1100;38;52;126;Mahe;x
1101;166;54;173;Diego Garcia;x
1102;38;247;32;Mauritius;x
1103;166;58;79;Bourbon;x
1106;38;164;32;Whangarei;x
1107;167;66;79;Taranaki;x
1108;39;68;126;Wairoa;x
1109;167;70;173;Timaru;x
1206;53;136;32;Mayertern;x
1235;185;66;79;Guam;x
1236;57;68;126;Rabaul;x
1237;185;70;173;Papua;x
1238;57;172;32;Solomon Islands;x
1239;185;74;79;Vanuatu;x
1242;58;180;32;Fiji;x
1245;186;86;173;Irian;x
1246;58;188;32;Aorangi;x
1248;59;92;126;Maldives;x
1260;11;220;250;Peipsi J�rv;x
1261;12;250;250;Ladoga;x
1262;13;200;200;Onega;x
1263;14;200;250;Barents Sea;x
1325;76;250;250;Lake Balaton;x
1326;77;200;200;Caspian Sea;x
1327;78;200;250;Aral Sea;x
1331;82;200;250;Bal el Mandeb;x
1332;83;220;250;Coast of Mascate;x
1333;84;250;250;Gulf of Masirah;x
1334;85;200;200;Straits of Hormuz;x
1335;86;200;250;Persian Gulf;x
1336;87;220;250;Gulf of Indus;x
1337;88;250;250;Gulf of Gujarat;x
1338;89;200;200;Laquedive Islands;x
1339;90;200;250;Coast of Malabar;x
1340;91;220;250;Comorin Cape;x
1341;92;250;250;Coast of Caramandel;x
1342;93;200;200;Coast of Orissa;x
1343;94;200;250;Ganges Delta;x
1344;95;220;250;Akyab Bay;x
1345;96;250;250;Irrawady Delta;x
1346;97;200;200;Andaman Sea;x
1347;98;200;250;Mergui Archipelago;x
1348;99;220;250;Straits of Malacca;x
1349;100;250;250;Nicobar Isles;x
1350;101;200;200;Coast of Atjeh;x
1351;102;200;250;Coast of Sumatra;x
1352;103;220;250;Christmas Island;x
1353;104;250;250;Coast of Java;x
1354;105;200;200;Coast of Surabaya;x
1355;106;200;250;Straits of Lombok;x
1356;107;220;250;Timor Sea;x
1357;108;250;250;The Moluccas;x
1358;109;200;200;Java Sea;x
1359;110;200;250;Straits of Makassar;x
1360;111;220;250;Karimata Strait;x
1361;112;250;250;Straits of Johore;x
1362;113;200;200;Malayan Sea;x
1363;114;200;250;Coast of Sarawk;x
1364;115;220;250;Mekong Delta;x
1365;116;250;250;Gulf of Siam;x
1366;117;200;200;Cam Rah Bay;x
1367;118;200;250;South China Sea;x
1368;119;220;250;Coast of Brunei;x
1369;120;250;250;Coast of Annam;x
1370;121;200;200;Gulf of Tonkin;x
1371;122;200;250;Guanghou Bay;x
1372;123;220;250;Taiwan Strait;x
1373;124;250;250;Yang Tse Delta;x
1374;125;200;200;Western Yellow Sea;x
1375;126;200;250;Korea Bay;x
1376;127;220;250;South Korean Sea;x
1377;0;251;251;North Korean Sea;x
1378;1;201;201;Coast of Olga;x
1379;2;201;251;Tatar Straits;x
1380;3;221;251;Amur Delta;x
1381;4;251;251;Baj of Ayan;x
1382;5;201;201;Bay of Komenskoie;x
1383;6;201;251;Coast of Kamchatska;x
1384;7;221;251;Oktothsk Sea;x
1385;8;251;251;Coast Sahkalin;x
1386;9;201;201;Soya Strait;x
1387;10;201;251;Tsugaru Strait;x
1388;11;221;251;Yamato Basin;x
1389;12;251;251;Amakusa Sea;x
1390;13;201;201;Setto Inland Sea;x
1391;14;201;251;Kii Channel;x
1392;15;221;251;Ryukyu Islands;x
1393;16;251;251;Luzon Strait;x
1394;17;201;201;Paracel Islands;x
1395;18;201;251;Manila Bay;x
1396;19;221;251;Coast of Luzon;x
1397;20;251;251;Gulf of Leyte;x
1398;21;201;201;Sulu Sea;x
1399;22;201;251;Sea of Celebes;x
1400;23;221;251;Sea of Ternete;x
1401;24;251;251;Sea of Banda;x
1402;25;201;201;Philipine Sea;x
1403;26;201;251;Palau Islands;x
1404;27;221;251;Biak Bay;x
1405;28;251;251;Vilian Strait;x
1406;29;201;201;Trobrian Islands;x
1407;30;201;251;Torres Strait;x
1408;31;221;251;Arafuam Sea;x
1409;32;251;251;Kolepom Bay;x
1410;33;201;201;Gulf of Carpentaria;x
1411;34;201;251;Great Barrier Reef;x
1412;35;221;251;Capricorn Bay;x
1413;36;251;251;Cape Howe;x
1414;37;201;201;Bass Strait;x
1415;38;201;251;Kangaroo Island;x
1416;39;221;251;Great Australian Bight;x
1417;40;251;251;Cape Leuwiin;x
1418;41;201;201;Shark Bay;x
1419;42;201;251;Northwest Cape;x
1420;43;221;251;King Sound;x
1421;44;251;251;Tasman Sea;x
1422;45;201;201;Southern Tasman Sea;x
1423;46;201;251;Cook Strait;x
1424;47;221;251;Northern Tasman Sea;x
1425;48;251;251;Cape Farwell;x
1426;49;201;201;Coast of New Zealand;x
1427;50;201;251;Cantebury Bight;x
1428;51;221;251;Sea of Antarctica;x
1429;52;251;251;New Caledonian Sea;x
1430;53;201;201;Coral Sea;x
1431;54;201;251;Gilbert Sea;x
1432;55;221;251;Solomon Sea;x
1433;56;251;251;Nauru Island;x
1434;57;201;201;Melanesia Sea;x
1435;58;201;251;Micronesia Sea;x
1436;59;221;251;Yap Islands;x
1437;60;251;251;Mariana Islands;x
1438;61;201;201;Tinian Sea;x
1439;62;201;251;Iwo Jima Sea;x
1440;63;221;251;Sanriku Coast;x
1441;64;251;251;The Kuriles;x
1442;65;201;201;Bay of Uka;x
1443;66;201;251;Bay of Oljut;x
1444;67;221;251;Bay of Anadyr;x
1446;69;201;201;Horn of Africa;x
1447;70;201;251;Coast of Pepper;x
1450;73;201;201;Diego Suarez Bay;x
1451;74;201;251;Western Arabian Sea;x
1452;75;221;251;Eastern Arabian Sea;x
1453;76;251;251;The Seychelles;x
1454;77;201;201;Coast of Tamatave;x
1455;78;201;251;The Mascareignes;x
1611;106;202;252;Gulf of Bengal;x
1612;107;222;252;Northen Bay of Bengal;x
1613;108;252;252;Southern Bay of Bengal;x
1614;109;202;202;Ceylon Sea;x
1615;110;202;252;Coast of Maldives;x
1616;111;222;252;Indian Ocean #1;x
1617;112;252;252;Indian Ocean #2;x
1618;113;202;202;Indian Ocean #3;x
1619;114;202;252;Indian Ocean #4;x
1620;115;222;252;Indian Ocean #5;x
1621;116;252;252;Indian Ocean #6;x
1622;117;202;202;Indian Ocean #7;x
1623;118;202;252;Indian Ocean #8;x
1624;119;222;252;Indian Ocean #9;x
1628;123;222;252;Indian Ocean #13;x
1629;124;252;252;Indian Ocean #14;x
1630;125;202;202;Indian Ocean #15;x
1631;126;202;252;Indian Ocean #16;x
1632;127;222;252;Indian Ocean #17;x
1633;0;253;253;Indian Ocean #18;x
1634;1;203;203;Indian Ocean #19;x
1635;2;203;253;Indian Ocean #20;x
1636;3;223;253;Indian Ocean #21;x
1637;4;253;253;Indian Ocean #22;x
1638;5;203;203;Indian Ocean #23;x
1639;6;203;253;Indian Ocean #24;x
1640;7;223;253;Indian Ocean #25;x
1641;8;253;253;Indian Ocean #26;x
1642;9;203;203;Indian Ocean #27;x
1643;10;203;253;Indian Ocean #28;x
1644;11;223;253;Indian Ocean #29;x
1645;12;253;253;Indian Ocean #30;x
1646;13;203;203;Indian Ocean #31;x
1647;14;203;253;Indian Ocean #32;x
1648;15;223;253;Lake Tchad;x
1649;16;253;253;Lake Victoria;x
1650;17;203;203;Lake Tangayika;x
1651;18;203;253;Lake Malawi;x
1653;20;253;253;Lake Balchasj;x
1654;21;203;203;Lake Bajkal;x
1655;22;203;253;Poyang Lake;x
1656;23;223;253;Lake Titicaca;x
1657;24;253;253;Lake Nicaragua;x
1658;25;203;203;Everglades;x
1659;26;203;253;Lake Ontario;x
1660;27;223;253;Lake Erie;x
1661;28;253;253;Lake Huron;x
1662;29;203;203;Lake Michigan;x
1663;30;203;253;Lake Superior;x
1664;31;223;253;Lake Nipigon;x
1665;32;253;253;Lake Winnipeg;x
1666;33;203;203;Western Pacific #1;x
1667;34;203;253;Western Pacific #2;x
1668;35;223;253;Western Pacific #3;x
1669;36;253;253;Western Pacific #4;x
1670;37;203;203;Western Pacific #5;x
1671;38;203;253;Western Pacific #6;x
1672;39;223;253;Western Pacific #7;x
1673;40;253;253;Western Pacific #8;x
1674;41;203;203;Western Pacific #9;x
1675;42;203;253;Western Pacific #10;x
1676;43;223;253;Western Pacific #11;x
1679;46;203;253;Northern Pacific #3;x
1691;58;203;253;Central Pacific #5;x
1698;65;203;203;Central Pacific #11;x
1734;102;203;253;Southern Pacifc #18;x
1779;199;142;173;Rub' al Khali;x
1780;72;144;32;Komi;x
1781;200;146;79;Western Siberia;x
1782;72;148;126;Eastern Siberia;x
1783;200;150;173;Koryak;x
1784;72;152;32;Tiam Shan;x
1785;200;154;79;Karakoram;x
1786;72;156;126;Takla Makan;x
1787;201;158;173;Himalaya;x
1788;73;32;32;Arunachal;x
1789;201;34;79;Maoke;x
1790;73;36;126;Western Australia;x
1791;201;38;173;Central Australia;x
1815;77;88;32;Ayeyarwady;x
1816;205;90;79;Hejian;x
1817;77;92;126;Nan;x
1818;205;94;173;Chikuzen;x
1819;77;96;32;Tosa;x
1820;205;98;79;Awa;x
1821;78;100;126;Nanjing;x
1822;206;102;173;Shangai;x
1823;78;104;32;Stung Treng;x
1824;206;106;79;Wenzhou;x
1825;78;108;126;Aki;x
1829;79;116;126;Xiamen;x
1830;207;118;173;Tajima;x
1832;207;122;79;Yamato;x
1833;79;124;126;Ji'an;x
1835;80;128;32;Mino;x
1836;208;130;79;Nanyang;x
1837;80;132;126;Etchu;x
1838;208;134;173;Hefei;x
1839;80;136;32;Totomi;x
1840;208;138;79;Guilin;x
1843;81;144;32;Kozuke;x
1844;209;146;79;Xiankhouang;x
1845;81;148;126;Pyeongyang;x
1847;81;152;32;Shiribeshi;x
1850;210;158;173;Mudanjiang;x
1852;210;34;79;Tokachi;x
1883;0;0;232;Western Finish lakes;x
1884;1;0;236;East Finish lakes;x
1885;2;0;240;Central finish lakes;x
1886;3;0;244;Storavan;x
1887;4;0;248;Storsjon;x
1888;5;0;232;Kara Sea;x
1889;6;0;236;Lake geneva;x
1890;7;0;240;Bodensee;x
1891;8;0;244;Tuz Gola;x
1892;9;0;248;Lake Van;x
1893;10;0;232;Lake Daryacheh;x
1894;11;0;236;Sevan Lake;x
1895;12;0;240;Lake Taihu;x
1896;13;0;244;Lake Hongze;x
1897;14;0;248;Dongting;x
1898;15;0;232;Tonie Sap Lake;x
1899;16;0;236;Tana lake;x
1900;17;0;240;Lake Turkana;x
1902;19;0;248;Lake Poopo;x
1903;20;0;232;Lake Champlain;x
1904;21;0;236;Lac Saint Jean;x
1905;22;0;240;Lac Manicouagan;x
1906;23;0;244;Lac Michikamau;x
1907;24;0;248;Lac Bienville;x
1908;25;0;232;Lac Al Eau Claire;x
1909;26;0;236;Lac Minto;x
1910;27;0;240;La Grande Riviere;x
1911;28;0;244;Lake Island;x
1912;29;0;248;Lake Reindeer;x
1913;30;0;232;Wollaston Lake;x
1914;31;0;236;Great Slave Lake;x
1915;32;0;240;Lake Athabasca;x
1916;33;0;244;Dubawni Lake;x
1917;34;0;248;Yathkyed Lake;x
1918;35;0;232;Kasba Lake;x
1919;36;0;236;Nueltin Lake;x
1920;37;0;240;Wholdaia Lake;x
1921;38;0;244;Peter Pond Lake;x
1922;39;0;248;Great salt lake;x
1923;40;0;232;Williston Lake;x
1946;63;0;244;Desh;x
1947;64;0;248;Gingee;x
1948;65;0;232;Bidar;x
1949;66;0;236;Tirupati;x
1950;67;0;240;Meghalaya;x
1962;79;0;248;Kudymkar;x
1963;80;0;232;Cherdyn;x
1964;81;0;236;Ust-Sysolsk;x
1965;88;116;126;Buzuluk;x
1966;216;118;173;Chelyaba;x
1967;217;126;173;Khujand;x
1968;89;128;32;Kulob;x
1969;216;122;79;Sozak;x
1970;88;120;32;Syghnak;x
1972;216;114;79;Udmurtia;x
1973;88;124;126;Urgench;x
1976;93;0;244;Dead Sea;x
1977;94;0;248;M�laren;x
1980;136;253;253;Sea of Japan;x
1986;103;0;244;New Caledonia;x
1990;107;0;240;Tuvalu;x
1991;108;0;244;Gilbert Islands;x
1992;109;0;248;Nauru;x
1993;110;0;232;Marshall Islands;x
1994;111;0;236;Wake;x
1995;112;0;240;Micronesia;x
1996;113;0;244;Palau;x
1998;115;0;232;Christmas Island;x
1999;116;0;236;Cocos Island;x
2000;60;221;221;Qinghai Lake;x
2001;95;200;200;Siling Lake;x
2024;255;15;160;Ajiraan;x
2026;255;17;120;Tanjore;x
2027;230;18;160;Arcot;x
2028;255;19;90;Mahur;x
2029;255;20;120;South Kanara;x
2030;255;21;160;Goa;x
2031;16;134;155;Morasanadu;x
2032;16;245;155;Malenadu;x
2033;188;164;69;Savanaur;x
2034;255;120;0;Pune;x
2035;81;148;103;Gulbarga;x
2036;156;172;45;Baglana;x
2037;205;119;117;Warangal;x
2038;213;157;165;Midnapore;x
2039;213;242;165;Sunderbans;x
2040;84;237;87;Sadiya;x
2041;64;189;3;Manipur;x
2042;246;92;62;Koch Hajo;x
2043;0;225;69;Balasore;x
2044;181;16;160;Bhagalpur;x
2045;53;124;86;Rangpur;x
2046;193;131;23;Nasirabad;x
2047;85;160;133;Tirhut;x
2048;198;203;170;Garjat;x
2049;73;18;169;Khurda;x
2050;184;70;8;Chanda;x
2051;215;241;160;Bhavnagar;x
2052;122;234;32;Navanagar;x
2053;225;142;66;Patan;x
2054;156;201;151;Ahmadabad;x
2055;156;201;221;Gorakhpur;x
2056;156;61;221;Rewakantha;x
2057;75;190;64;Bhelsa;x
2058;231;98;182;Mewar;x
2059;237;96;10;Kalpi;x
2060;255;192;227;Upper Doab;x
2061;255;192;0;Katehar;x
2062;193;76;178;Panipat;x
2063;152;160;243;Etawah;x
2064;202;218;255;Shekhawati;x
2065;53;215;217;Batthiana;x
2066;116;145;119;Nagaur;x
2067;212;53;53;Gorwar;x
2068;72;225;192;Siwistan;x
2069;187;154;212;Kumaon;x
2070;123;181;72;Chaubisi Rajas;x
2071;234;189;93;Limbuwan;x
2072;96;229;237;Bhakkar;x
2073;154;192;44;Baltistan;x
2074;151;175;205;Ladakh;x
2075;0;18;255;Doaba;x
2076;0;194;255;Sialkot;x
2077;224;140;221;Margalla;x
2078;32;140;221;Bannu;x
2079;132;140;221;Dera Ghazi Khan;x
2080;219;108;9;Srikakulam;x
2081;142;80;134;Lakhnor;x
2082;17;138;94;Raipur;x
2083;205;86;82;Kosta;x
2084;193;0;241;Konaseema;x
2085;161;165;225;Tiruchirapalli;x
2086;197;225;191;Cholistan;x
2087;224;213;178;Ajmer;x
2088;66;156;186;Umarkot;x
2089;81;142;66;Chaul;x
2090;154;52;179;Rayalaseema;x
2091;145;33;11;Tripura;x
2092;170;185;212;Mahadeo;x
2093;230;190;64;Mandsaur;x
2094;78;155;191;Bahreich;x
2095;222;94;94;Varanasi;x
2096;210;243;194;Damin;x
2097;95;101;222;Baghelkhand;x
2098;148;136;138;Surguja;x
2099;193;207;44;Kandy;x
2100;195;123;121;Vanni;x
2101;186;239;22;Tirunelveli;x
2102;215;191;26;Urkan;x
2103;103;132;224;Udi;x
2104;104;136;64;Birija;x
2105;105;148;160;Kuru;x
2106;105;162;80;Furdan;x
2107;104;158;240;Ningguta;x
2108;100;98;144;Huncun;x
2109;100;90;80;Boduna;x
2110;99;86;240;Yehe;x
2111;199;223;102;Hetu Ala;x
2112;115;210;143;Andong;x
2113;193;133;132;Gaizhou;x
2114;106;172;160;Ereen;x
2115;107;180;224;Chahar;x
2116;108;206;240;Ih Huree;x
2117;219;224;124;Zasagt;x
2118;116;102;240;Urzhar;x
2119;114;56;64;Chuguchak;x
2120;114;115;55;Ili;x
2121;112;32;64;Kuqa;x
2122;111;244;160;Hami;x
2123;111;254;240;Qakilik;x
2124;115;78;240;Yarkand;x
2125;115;86;112;Kochkor;x
2126;155;139;47;Chuy;x
2127;115;82;80;Yashilkul;x
2128;123;184;128;Ngari;x
2129;122;174;240;Changtang;x
2130;121;152;64;Nyingchi;x
2131;196;187;21;Qamdo;x
2132;119;138;144;Markam;x
2133;118;126;240;Dege;x
2134;119;120;192;Rebgong;x
2135;118;130;80;Garze;x
2136;124;210;144;Xuanhua;x
2137;143;75;75;Daming;x
2138;86;118;240;Wuding;x
2139;145;24;24;Laizhou;x
2140;238;254;148;Yanzhou;x
2141;107;218;111;Xuzhou;x
2142;84;80;128;Huai'an;x
2143;190;53;53;Fengyang;x
2144;82;62;176;Fuyang;x
2145;185;51;51;Zhenjiang;x
2146;185;197;39;Ningguo;x
2147;150;42;42;Huizhou;x
2148;41;150;61;Shaoxin;x
2149;121;54;54;Ningbo;x
2150;69;102;64;Jinhua;x
2151;131;100;35;Poyang;x
2152;144;37;37;Jianning;x
2153;67;84;112;Tingzhou;x
2154;233;216;92;Kelang;x
2155;97;44;96;Middag;x
2156;146;81;81;Chaochow;x
2157;65;52;224;Waichow;x
2158;65;46;176;Shiukwan;x
2159;64;44;160;Leichow;x
2160;65;34;80;Ngaichow;x
2161;64;32;64;Limchow;x
2162;68;78;64;Ngchow;x
2163;67;62;128;Liuzhou;x
2164;67;70;192;Namning;x
2165;255;216;0;Pu'er;x
2166;69;205;50;Dehong;x
2167;75;240;74;Lijiang;x
2168;79;254;112;Bozhou;x
2169;149;33;33;Langzhong;x
2170;90;182;176;Songqu;x
2171;153;57;57;Xiangyang;x
2172;81;48;64;Jingzhou;x
2173;0;36;255;Yuanling;x
2174;158;62;62;Hengyang;x
2175;171;198;23;Runing;x
2176;88;144;64;Shangqiu;x
2177;89;162;208;Ningwu;x
2178;90;172;96;Lu'an;x
2179;91;188;224;Yan'an;x
2180;79;246;240;Tianshui;x
2181;93;216;64;Pingliang;x
2182;95;236;224;Liangzhou;x
2183;93;222;112;Taozhou;x
2184;215;210;43;Xining;x
2185;103;120;128;Mergen;x
2186;105;156;224;Iman;x
2187;106;164;96;Sartu;x
2188;100;102;176;Alchuka;x
2189;110;220;160;Tsetserleg;x
2190;205;158;124;Qaraqorum;x
2191;108;196;160;Ejin;x
2192;217;220;84;Korla;x
2193;96;42;80;Govi;x
2194;113;106;26;Kunlun;x
2195;255;18;160;Adyghe;x
2196;255;19;40;Guria;x
2197;255;25;0;Cabardia;x
2198;255;126;40;Khundzia;x
2199;255;200;150;Tarki;x
2200;243;202;12;Suleiman Range;x
2201;255;22;200;Alania;x
2202;255;223;0;Melikates;x
2203;255;23;23;Kakheti;x
2204;255;224;200;Samtskhe;x
2205;255;24;40;Nakhchivan;x
2206;255;225;120;Urmia;x
2207;255;125;200;Maragheh;x
2208;255;125;215;Terek;x
2209;255;24;90;Ilam;x
2210;187;165;22;Kirmanshah;x
2211;187;215;128;Ardalan;x
2212;60;143;34;Zanjan;x
2213;187;205;22;Qom;x
2214;81;81;192;Golestan;x
2215;187;24;90;Qazvin;x
2216;187;24;155;Semnan;x
2217;255;112;90;Yasuj;x
2218;165;72;84;Sarvestan;x
2219;58;88;180;Bandar Langeh;x
2220;81;81;255;Bam;x
2221;165;72;137;Mashhad;x
2222;81;81;221;Ardakan;x
2223;215;50;155;Larestan;x
2224;190;44;0;Ferah;x
2225;210;227;0;Bamyan;x
2226;90;187;34;Jalalabad;x
2227;208;154;12;Kunduz;x
2228;40;59;211;Maymana;x
2229;90;156;34;Bust;x
2230;129;171;129;Chakhansur;x
2231;121;210;41;Bela;x
2232;190;72;59;Kharan;x
2233;152;137;59;Western Makran;x
2234;193;215;62;Rafsanjan;x
2235;190;72;96;Sabzevar;x
2236;131;211;134;Bojnord;x
2333;0;124;194;Abd al-Qays;x
2339;157;34;114;Yabrin;x
2341;213;231;178;Sharqiyah;x
2342;56;16;31;Wusta;x
2343;117;18;67;Hadramawt;x
2347;0;120;94;Hofuf;x
2349;71;208;47;Kizil-Su;x
2350;151;50;205;Konjikala;x
2351;169;158;86;Shekty;x
2352;103;104;152;Alty-Kuduk;x
2353;57;202;53;Tortkara;x
2354;155;167;88;Shegendyk;x
2355;189;174;66;Narym;x
2356;39;216;132;Shymkent;x
2357;211;106;44;Aksary;x
2358;179;181;74;Altyn;x
2359;69;186;122;Baganaly;x
2360;68;40;113;Tobykty;x
2361;23;130;61;Dzhaman-Kuduk;x
2362;168;175;18;Gurganj;x
2363;145;49;49;Atakent;x
2364;193;255;128;Talas;x
2366;179;165;85;Utva;x
2367;88;175;171;Lower Yik;x
2368;135;100;164;Karamegdan;x
2369;175;88;119;Lower Ishim;x
2370;108;130;155;Kungirot;x
2371;127;0;0;Song La;x
2372;0;38;255;Hai Phong;x
2373;137;76;72;Hue;x
2374;53;204;105;Kauthara;x
2375;244;127;25;Rhade;x
2376;225;191;0;Prek Russey;x
2377;82;199;61;Teuk Khmao;x
2378;255;0;110;Kratie;x
2379;0;148;255;Battambang;x
2380;190;35;195;Phnom Penh;x
2381;34;65;11;Luang Namtha;x
2382;154;12;26;Savanh Nakhone;x
2383;127;31;12;Khukhanor Surin;x
2384;17;79;170;Nong Khai;x
2385;42;127;127;Nongbua Lamphu;x
2386;91;112;0;Chaiyaphum;x
2387;71;64;128;Phetchaburi;x
2388;32;38;255;Phitsanulok;x
2389;213;130;225;Phra Bang;x
2390;202;66;152;Chaiya;x
2391;211;44;63;Thalang;x
2392;135;98;114;Selangor;x
2393;44;142;85;Terengganu;x
2394;92;175;36;Kedah;x
2395;32;124;32;Hkamti Long;x
2396;255;117;154;Mong Kawng;x
2397;141;255;107;Tamanthi;x
2398;53;168;141;Thaungdut;x
2399;255;242;109;Pagan;x
2400;255;160;58;Hsipaw;x
2401;255;163;137;Yawnghwe;x
2402;137;255;104;Sandoway;x
2403;255;92;71;Martaban;x
2404;97;198;71;Mergui;x
2420;247;22;12;Agyidel;x
2421;45;31;18;Juketau;x
2425;89;61;78;Naryan-Mar;x
2426;34;74;126;Yamal;x
2427;166;83;32;Ostyaki;x
2428;153;102;93;Yugan;x
2429;63;102;93;Agan;x
2430;88;198;79;Baykha;x
2431;172;201;135;Uchamin;x
2432;162;183;79;Chulym;x
2433;170;202;126;Vah;x
2434;63;134;173;Barnaul;x
2435;34;80;89;Nukhtui;x
2436;34;43;58;Chuna;x
2437;154;175;58;Seganka;x
2438;34;74;58;Kharya;x
2439;173;104;32;Yarmanka;x
2440;173;66;32;Kagyrgyn;x
2441;72;130;79;Iglino;x
2442;72;28;79;Ust-Kut;x
2443;47;122;167;Kan;x
2444;164;48;70;Bashgird;x
2445;166;144;32;Mangazea;x
2446;148;47;32;Chara;x
2471;1;246;246;Chott el-Jerid;x
2673;51;255;40;Pasai;x
2674;60;214;57;Peureulak;x
2675;29;38;119;Rokan;x
2676;150;146;184;Indragiri;x
2677;48;55;127;Jambi;x
2678;214;113;131;Bangka;x
2679;21;117;104;Belitung;x
2680;55;130;71;Muko-Muko;x
2681;76;118;155;Pagarruyung;x
2682;92;59;239;Pariaman;x
2683;130;64;29;Mentawai;x
2684;79;130;125;Nias;x
2685;237;46;40;Gayo;x
2686;44;214;56;Bintan;x
2687;216;49;158;Pakuan;x
2688;130;85;130;Cirebon;x
2689;198;98;83;Kendal;x
2690;165;116;117;Pajang;x
2691;216;58;34;Kediri;x
2692;216;67;201;Madura;x
2693;104;16;91;Lombok;x
2694;136;210;148;East Gangwon;x
2695;107;66;100;East Timor;x
2696;181;45;81;Yamdena;x
2697;163;70;58;Tondo;x
2698;163;207;58;Pangasinan;x
2699;255;75;66;Bikol;x
2700;197;255;53;Panay;x
2701;219;211;164;Tagloc;x
2702;65;219;88;Butuan;x
2703;104;158;82;Lehad Datu;x
2704;132;76;108;Sibu;x
2705;131;183;111;Kuching;x
2706;255;61;138;Katapang;x
2707;234;86;86;Barito;x
2708;255;107;28;Sampit;x
2709;196;102;196;Tarakan;x
2710;87;204;89;Berau;x
2711;105;135;119;Bulungan;x
2712;175;65;144;Samarinda;x
2713;255;228;94;Gorontalo;x
2714;255;89;185;Palu;x
2715;127;150;255;Palopo;x
2716;137;255;124;Buton;x
2717;201;219;43;Sula;x
2718;241;207;129;Fak-Fak;x
2719;119;128;17;Madang;x
2720;82;206;171;Lae;x
2721;131;198;119;Kerema;x
2722;178;198;73;Daru;x
2723;33;198;152;Yos Sudarso;x
2724;221;212;104;Asmat;x
2725;124;63;62;Aru;x
2726;147;120;31;Malgana;x
2727;255;141;71;Minang;x
2728;93;107;37;Tiwi;x
2729;255;102;79;Yolngu;x
2730;38;104;109;Awngthim;x
2731;53;255;77;Guugu Yimithirr;x
2732;45;107;40;Wulgurukaba;x
2733;255;101;63;Baiali;x
2734;170;83;124;Yuin;x
2735;32;82;163;Gunditjmara;x
2736;253;255;158;Nukunu;x
2737;124;56;0;Ahuriri;x
2738;186;139;0;Waitaha;x
2739;152;83;186;Kirikiriroa;x
2740;249;177;179;Borneo;x
2741;138;58;45;Jeju;x
2742;162;64;128;Yukjin;x
2743;209;139;185;Gyeongseong;x
2744;122;48;97;Nyeongbyeon;x
2745;134;53;105;West Gyeongsang;x
2747;106;186;80;Khara Narin Ula;x
2748;80;32;128;Jianchang;x
2786;86;100;255;Bosaso;x
2788;201;201;89;Hafun;x
2953;236;222;116;Hj�lmaren;x
2999;255;90;203;Hormuz;x
4021;244;97;32;Antankara;x
4024;100;201;61;Maroantsetra;x
4129;53;164;53;Ust-Vym;x
4131;227;54;54;Nanbu;x
4132;70;229;231;Mweru;x
4133;88;239;241;Kivu;x
4134;103;216;217;Rutanzige;x
4135;139;230;231;Lake Albert;x
4136;45;225;227;Zaysan;x
4137;79;222;224;Alakol;x
4138;40;196;198;Issyk-Kul;x
4139;54;54;236;Ouluj�rvi;x
4140;34;34;210;Saimaa;x
4170;111;33;184;Zagros;x
4171;176;122;149;Abarquh;x
4177;222;79;239;Elburz;x
4180;224;105;71;Hyuga;x
4181;171;64;58;Higo;x
4182;222;162;158;Hizen;x
4183;148;243;182;Iwami;x
4184;29;167;101;Bizen;x
4185;136;40;113;Tango;x
4186;164;211;156;Iyo;x
4187;137;170;36;Kii;x
4188;219;191;83;Shinano;x
4189;183;128;213;Sagami;x
4190;74;53;198;Shimousa;x
4191;150;104;225;Shimotsuke;x
4192;207;150;214;Ugo;x
4193;102;179;145;Oshima;x
4194;94;52;48;Yongping;x
4195;151;185;125;Zhending;x
4196;104;143;106;Haizhou;x
4197;148;197;227;Huangzhou;x
4198;56;144;141;Fengxiang;x
4199;45;117;59;Tongren;x
4200;29;161;216;Hulan;x
4201;44;97;35;Jianzhou;x
4202;186;143;58;Taining;x
4203;89;66;107;Ju Ud;x
4204;44;45;128;Anding;x
4205;35;68;112;Nagchu;x
4206;38;129;72;Balikul;x
4207;129;51;84;Turpan;x
4208;196;198;53;Qurqara-usu;x
4209;129;112;172;Maralbexi;x
4210;101;69;107;Yangi Hissar;x
4211;72;32;16;Dazhou;x
4212;122;61;105;Jiazhou;x
4213;40;46;10;Luzhou;x
4214;26;53;83;Kalar;x
4215;22;100;123;Fudali;x
4216;74;143;77;Ulch;x
4217;52;80;119;Pijin;x
4218;69;105;171;Buteha;x
4219;117;42;41;Bayan Tumen;x
4220;44;113;137;Khiagt;x
4221;148;144;46;Dundgovi;x
4222;50;81;144;Ulaangom;x
4223;209;115;2;Hetao;x
4224;36;150;179;Tokai Sea;x
4225;64;173;200;Coast of Hokkaido;x
4226;29;124;148;North Japan Basin;x
4227;105;96;64;Daegu;x
4228;195;44;140;Naju;x
4229;188;200;56;Chungju;x
4230;158;186;44;Suwon;x
4231;231;184;20;Haeju;x
4232;145;81;35;Ganggye;x
4233;31;182;184;Bahai Sea;x
4234;45;117;167;Eastern Yellow Sea;x
4235;144;225;232;Vistula Lagoon;x
4265;39;208;178;Ar-Chally;x
4266;191;107;198;Izhkar;x
4267;198;197;95;Bolgar;x
4283;224;24;38;Shihr;x
4284;99;150;71;Al Ghayda;x
4285;181;124;124;Baraimi Oasis;x
4286;187;208;10;Sur;x
4287;200;92;20;Ibra;x
4324;149;186;149;Ghuriyan;x
4325;222;47;29;Sarakhs;x
4326;134;196;131;Nishapur;x
4327;244;221;131;Jask;x
4328;143;34;255;Chagai;x
4329;96;128;136;Fasa;x
4330;54;193;106;Darab;x
4331;212;14;89;Kazarun;x
4332;112;120;148;Siraf;x
4334;224;12;72;Tabas;x
4335;236;112;20;Kashan;x
4336;215;155;85;Tus;x
4337;73;158;166;Savah;x
4341;191;220;33;Sari;x
4342;208;198;117;Malamir;x
4343;208;26;73;Termez;x
4344;178;231;94;Kish;x
4345;155;155;198;Saidabad;x
4346;149;226;227;Qamr Bay;x
4347;144;206;207;Pirate Coast;x
4348;198;47;101;Ifuago;x
4349;105;219;142;Laguna;x
4350;154;86;212;Mindoro;x
4351;104;196;152;Buglas;x
4352;219;168;88;Cebu;x
4353;89;35;145;Leyte;x
4354;135;77;125;Zamboanga;x
4355;248;245;172;Caraga;x
4356;201;167;29;Taytay;x
4357;125;226;241;Visayan Sea;x
4358;112;219;220;Cuyo Archipelago;x
4359;185;227;40;Ise;x
4360;235;159;33;Mikawa;x
4393;181;227;89;Tabayin;x
4394;223;76;249;Salin;x
4395;7;183;221;Yamethin;x
4396;38;227;36;Prome;x
4397;87;141;35;Yawnghwe;x
4398;145;54;67;Mawkmai;x
4399;209;206;232;Dagon;x
4400;4;138;139;Naga Hills;x
4401;99;2;220;Arakan Mountains;x
4402;8;19;70;Gaoligong Mountains;x
4403;174;133;74;Hengduan Mountains;x
4404;186;179;78;Minsin;x
4405;135;83;198;Katha;x
4406;131;123;246;Mong Kung;x
4407;231;58;53;Ruhunu;x
4408;227;170;169;Salavata;x
4409;154;153;27;Trincomale;x
4410;166;186;106;Kumari;x
4411;212;178;42;Samana;x
4412;133;65;23;Dindigul;x
4413;198;87;134;Cannanore;x
4414;52;160;146;Salem;x
4415;178;189;107;Negapatam;x
4416;157;72;136;Tranqebar;x
4417;141;167;109;Kanchipuram;x
4418;117;239;166;Nelore;x
4419;38;123;72;Adanki;x
4420;186;136;135;Chandragiri;x
4421;139;213;167;Seringapatam;x
4422;164;123;44;Sira;x
4423;160;139;213;Gutti;x
4424;200;161;210;Adavani;x
4425;41;164;76;Kondavidu;x
4426;125;191;66;Chitradurg;x
4427;203;173;64;Honnavara;x
4428;169;212;66;Mudgal;x
4429;136;124;77;Rajapur;x
4430;152;147;85;Daman;x
4431;179;186;121;Kolhapur;x
4432;98;169;103;Junir;x
4433;163;195;165;Nasik;x
4434;186;154;125;Dharangaon;x
4435;88;201;147;Sholhapur;x
4436;136;232;0;Rachakonda;x
4437;54;129;205;Paithre;x
4438;205;54;168;Nander;x
4439;145;107;154;Khamammet;x
4440;130;111;51;Narayanpur;x
4441;194;210;199;Ganjam;x
4442;85;174;169;Washim;x
4443;149;183;181;Karanja;x
4444;34;42;215;Manidurg;x
4445;219;203;71;Kanker;x
4446;169;171;101;Kalahandi;x
4447;71;148;48;Patna-Garjat;x
4448;33;48;2;Parlakhimedi;x
4449;26;159;60;Jammu;x
4450;178;193;146;Mahurbanj;x
4451;177;236;52;Sonpur;x
4452;201;133;87;Ratanpur;x
4453;219;144;64;Thalner;x
4454;181;86;133;Porbandar;x
4455;185;186;60;Diu;x
4456;159;60;34;Jhalavad;x
4457;145;120;59;Cambay;x
4458;83;131;220;Narbada;x
4459;175;215;67;Saugor;x
4460;184;119;42;Handia;x
4461;110;157;103;Ujjain;x
4462;117;210;107;Vagad;x
4463;217;58;31;Bhatnair;x
4464;75;196;192;Bundi;x
4465;27;212;53;Ranthambore;x
4466;169;43;205;Mahoba;x
4467;123;99;213;Kalinjar;x
4468;139;196;111;Bandogarh;x
4469;160;208;76;Rohtasgarh;x
4470;154;48;40;Soumelpur;x
4471;167;163;46;Bishnupur;x
4472;179;62;43;Monghir;x
4473;113;133;32;Chakla;x
4474;24;58;154;Sonargaon;x
4475;143;28;164;Fathabad;x
4476;203;30;140;Nadia;x
4477;128;58;103;Satgaon;x
4478;61;102;20;Haibatnagar;x
4479;174;31;98;Goraghat;x
4480;205;97;50;Mahikantha;x
4481;136;104;42;Punakah;x
4482;140;34;49;Sikkim;x
4483;155;64;94;Morung;x
4484;118;110;21;Makwanpur;x
4485;193;52;118;Palpa;x
4486;171;177;19;Purnia;x
4487;148;81;21;Saran;x
4488;123;80;42;Champaran;x
4489;171;132;97;Hajipur;x
4490;174;36;95;Ghazipur;x
4491;156;116;221;Dang;x
4492;13;33;111;Doti;x
4493;230;154;212;Sirmur;x
4494;71;99;200;Khairabad;x
4495;33;52;116;Feyzabad;x
4496;30;17;88;Kora;x
4497;54;145;99;Qannauj;x
4498;255;102;0;Sambhal;x
4499;82;102;0;Bareily;x
4500;74;162;0;Bharatpur;x
4501;57;188;152;Bhilwara;x
4502;33;53;48;Merta;x
4503;26;88;92;Mansura;x
4504;177;200;201;Nasirpur;x
4505;36;125;131;Khairpur;x
4506;184;27;108;Barmer;x
4507;100;83;123;Churu;x
4508;66;30;116;Bahawalpur;x
4509;124;37;78;Karor;x
4510;193;162;69;Shorkot;x
4511;102;77;89;Bhera;x
4512;49;208;224;Bharuch;x
4513;50;71;157;Dipalpur;x
4514;219;157;116;Sakya;x
4515;86;55;145;Gyirong;x
4516;167;66;99;Purang;x
4517;52;169;90;Nedong;x
4518;61;145;123;Tsurphu;x
4519;68;108;100;Damxung;x
4520;118;126;72;Rutog;x
4521;63;93;131;Skardu;x
4522;108;61;52;Aqenganggyai;x
4651;214;134;156;Tsushima;x
4652;140;69;200;Haicheng;x
4653;117;192;171;Maolian;x
4654;60;240;76;Fuerhe;x
4655;194;93;131;Shilimian;x
4656;95;228;201;Wolanhe;x
4657;220;32;204;Changbai Mountains;x
4658;245;120;6;Nanghaer;x
4659;237;134;253;Tulutingshan;x
4660;130;176;43;Tunhe;x
4661;246;142;22;Edala;x
4662;213;239;212;Halacha;x
4663;163;187;193;Jixi;x
4664;79;144;220;North Buteha;x
4665;18;225;17;South Buteha;x
4666;147;155;192;South Hulunbur;x
4667;209;189;232;North Setsen;x
4668;206;72;139;West Ih Huree;x
4669;137;60;168;East Dornogovi;x
4670;1;153;63;West Khara Narin Ula;x
4671;55;94;80;East Ereen;x
4672;43;141;219;North Ju Ud;x
4673;221;36;225;East Xilin Gol;x
4674;77;35;96;North Jirem;x
4675;122;140;89;Central Jirem;x
4676;27;169;8;West Alxa;x
4677;248;107;18;East Govi;x
4678;147;150;150;East Qaraqorum;x
4679;236;42;149;North Tsetserleg;x
4680;3;38;13;East Zagast;x
4681;215;140;255;North Kobdo;x
4682;106;90;108;South Kobdo;x
4683;186;144;83;East Hoboskar;x
4684;255;216;1;Dzhemenika;x
4685;196;69;0;Karagandy;x
4686;255;90;0;Ekibastuz;x
4687;255;186;0;Imakia;x
4688;255;223;172;Baraba;x
4689;255;150;0;Om;x
4690;231;61;8;Ishim;x
4691;255;227;0;As;x
4692;255;213;0;Turgay;x
4693;254;103;217;Keriya;x
4694;87;204;222;Manchu-Start;x
4695;163;4;138;a;x
4696;207;122;13;a;x
4697;32;69;13;a;x
4698;66;12;102;a;x
4699;235;233;173;f;x
4700;240;166;50;g;x
4701;142;83;172;h;x
4702;251;62;46;j;x
4703;128;102;8;k;x
4704;235;234;59;L;x
4705;91;217;51;�;x
4706;35;88;171;�;x
4707;170;102;207;y;x
4708;227;249;49;x;x
4709;3;86;13;v;x
4710;13;83;20;n;x
4711;49;6;0;m;x
4712;127;129;79;q;x
4713;160;166;37;w;x
4714;198;120;213;e;x
4715;70;204;84;r;x
4716;97;50;4;z;x
4717;203;21;148;u;x
4718;160;223;117;i;x
4719;94;42;35;o;x
4720;144;0;200;p;x
4721;93;49;216;�;x
4722;9;213;26;aa;x
4723;74;221;253;ss;x
4724;126;249;33;dd;x
4725;21;214;226;gg;x
4726;157;74;76;hh;x
4727;236;69;247;jj;x
4728;49;100;114;kk;x
4729;230;68;166;ll;x
4790;170;98;56;West Java;x
4791;50;43;20;East Cirebon;x
4792;153;169;173;East Kendal;x
4793;237;108;140;South Demak;x
4794;148;48;116;East Kediri;x
4795;221;84;31;Bone;x
4796;237;99;81;Kendari;x
4797;228;249;251;Soppeng;x
4798;4;235;103;Wajo;x
4799;15;154;146;Sambaliung;x
4800;132;11;182;Paser;x
4801;183;228;84;Batulican;x
4802;79;254;101;South Pontiniak;x
4803;248;45;0;North Katapang;x
4804;148;41;14;West Kuching;x
4805;238;141;151;East Sibu;x
4806;228;15;86;Inland Sarawak;x
4807;185;69;211;North Borneo;x
4808;230;213;205;Sumatra;x
4809;58;125;63;South Peureulak;x
4810;251;189;80;South Deli;x
4811;78;19;109;Barus;x
4812;115;67;188;Gerik;x
4813;193;124;50;Penang;x
4814;204;29;35;Semantan;x
4815;150;40;142;Singapura;x
4816;81;176;19;Rengat;x
4817;136;32;11;Padang;x
4818;158;68;193;Indrapura;x
4819;238;111;151;Son Nam;x
4820;179;39;82;Minh Quang;x
4821;118;178;134;Nghe An;x
4822;240;117;163;Amaravati;x
4823;74;237;125;Jarai;x
4824;182;255;0;Tay Nguyen;x
4825;139;124;98;Pursat;x
4826;134;235;115;Kampot;x
4827;63;194;255;Kampom Pous Thom;x
4828;182;1;4;Preah Vihear;x
4829;235;170;132;Raung Dapey;x
4830;72;209;160;Rayong;x
4831;207;79;128;Bangkok;x
4832;245;59;108;Lopburi;x
4833;182;244;187;Phetchabun;x
4834;52;21;131;Suphanburi;x
4835;73;71;64;Kanchanaburi;x
4836;118;104;40;Si Thep;x
4837;61;16;160;Muang Ngoi;x
4838;239;13;190;Sip Et;x
4839;128;190;153;Ubon;x
4840;174;140;171;Salavan;x
4841;186;15;122;Lamphun;x
4842;100;174;128;Lakhon;x
4843;130;228;241;Annamite Mountains;x
4844;37;164;140;Dawna Hills;x
4845;90;235;85;Mamuju;x
4846;229;139;97;Woolna;x
4847;162;71;29;Yunawa;x
4848;29;162;89;Mingin;x
4849;64;217;133;Kurtjar;x
4850;174;141;221;Biri;x
4851;97;115;229;Gureng;x
4852;55;67;139;WuliWuli;x
4853;88;95;140;Bidjara;x
4854;73;93;221;Badtjala;x
4855;62;74;151;Yiman;x
4856;74;74;198;Barunggam;x
4857;88;140;91;Bundjalung;x
4858;137;231;142;Tharawal;x
4859;44;179;51;Gundungurra;x
4860;24;116;29;Dharug;x
4861;117;158;119;Waveroo;x
4862;9;63;12;Ngadjuri;x
4863;179;87;31;Nyaki;x
4864;218;177;152;Yuat;x
4865;218;196;123;Kurrama;x
4866;156;144;105;Mangala;x
4867;227;196;94;Wunambul;x
4868;136;85;174;Pyemmairrener;x
4869;56;20;83;Peerapper;x
4870;40;100;119;Austalian Lakes;x
4871;1;70;150;Cowasuk;x
4872;11;80;175;Wenrohronon;x
4873;21;90;200;Pegwaki;x
4874;31;100;225;Westenhuck;x
4875;41;110;150;Minqua;x
4876;51;70;175;Scahentowanen;x
4877;61;80;200;Nottoway;x
4878;71;90;225;Eno;x
4879;81;100;150;Kituwah;x
4880;91;110;175;Combahee;x
4881;101;70;200;Sawokli;x
4882;111;80;225;Etali;x
4883;121;90;150;Napochi;x
4884;141;110;200;Houma;x
4885;151;70;225;Avoyel;x
4886;161;80;150;Nasoni;x
4887;241;100;225;Cochati;x
4888;2;110;150;Tatteroa;x
4889;12;70;175;Mohetan;x
4890;22;80;200;Kichesipirini;x
4891;32;90;225;Piktuk;x
4892;42;100;150;Iroquet;x
4893;52;110;175;Nebesek;x
4894;62;70;200;Ottagotouemin;x
4895;72;80;225;Batiscan;x
4896;82;90;150;Meductic;x
4897;92;100;175;Keinouche;x
4898;102;110;200;Gichigamininiwag;x
4899;112;70;225;Mamaceqtaw;x
4900;122;80;150;Otoe;x
4901;132;90;175;Saone;x
4902;142;100;200;Makandwewin;x
4903;152;110;225;Chinko;x
4904;171;90;175;Espeminkia;x
4905;181;100;200;Tapouaro;x
4906;191;110;225;Coiracoentanon;x
4907;201;70;150;Mosopelea;x
4908;221;80;175;Tawehash;x
4909;231;90;200;Kitsash;x
4910;162;70;150;Tawakoni;x
4911;172;80;175;Nabaydacu;x
4912;182;70;150;Ahkwesahsne;x
4913;192;80;175;Aniyutsi;x
4914;202;90;200;Neosho;x
4915;212;100;225;Pitahawirata;x
4916;222;110;150;Ponca;x
4917;232;70;175;Selis;x
4918;242;80;200;Huhkpapha;x
4919;3;90;225;Sihabi;x
4920;13;100;150;Wadopabina;x
4921;131;100;175;Kuttawa;x
4922;23;110;175;Pepikokia;x
4923;45;70;200;Pacaha;x
4924;200;10;1;Laurentian Massif;x
4925;200;40;41;White Mountains;x
4926;200;70;81;Adirondacks;x
4927;200;100;121;Blue Mountains;x
4928;200;20;161;Allegheny Front;x
4929;200;50;11;Appalachian Ridges;x
4930;200;80;51;Alleghenies;x
4931;200;30;91;Cumberland Mountains;x
4932;200;60;131;Smoky Mountains;x
4933;200;90;171;Blue Ridge;x
4934;210;10;1;Maui;x
4935;210;40;41;Oahu;x
4936;210;70;81;Kauai;x
4937;210;20;121;Lau;x
4938;210;50;161;Vanua Levu;x
4939;210;80;11;Te Moana-a-Toi;x
4940;29;216;197;Lake Tulare;x
4941;30;216;201;Lake Cahuilla;x
4942;42;24;114;Corner;x
4943;158;230;204;a;x
4944;185;242;64;a;x
4945;209;123;77;a;x
4946;79;196;102;a;x
4947;33;171;188;a;x
4948;32;239;99;a;x
4949;243;101;233;a;x
4950;81;2;128;a;x
4951;176;156;44;a;x
4952;162;20;133;a;x
4953;233;135;80;a;x
4954;145;158;0;a;x
4955;18;81;9;a;x
4956;82;38;154;a;x
4957;159;194;9;a;x
4958;217;29;8;Peking;x
4959;89;41;208;a;x
4960;4;115;14;a;x
4961;173;234;0;a;x
4962;34;165;120;a;x
4963;34;72;186;a;x
4964;214;237;4;a;x
4965;40;166;72;a;x
4966;153;25;14;a;x
4967;199;16;210;a;x
4968;33;212;89;a;x
4969;150;0;167;a;x
4970;123;90;101;a;x
4971;27;62;3;a;x
4972;168;91;33;a;x
4973;148;53;90;a;x
4974;232;212;35;a;x
4975;151;22;194;a;x
4976;128;83;175;a;x
4977;212;77;25;a;x
4978;201;175;98;a;x
4979;92;231;68;a;x
4980;41;28;114;a;x
4981;114;185;104;a;x
4982;83;184;157;a;x
4983;46;58;173;a;x
4984;116;231;61;a;x
4985;68;204;245;a;x
4986;165;132;130;a;x
4987;40;39;9;a;x
4988;227;80;21;a;x
4989;191;122;191;a;x
4990;97;164;94;a;x
4991;227;50;126;a;x
4992;245;162;217;a;x
4993;192;252;20;a;x
4994;14;191;37;a;x
4995;200;127;38;a;x
4996;178;172;38;a;x
4997;53;42;229;a;x
4998;110;37;18;a;x
4999;178;129;172;a;x
5000;242;161;25;a;x
5001;190;46;232;a;x
5002;58;63;208;a;x
5003;213;83;39;Qi-start;x
5004;232;151;250;a;x
5005;84;222;62;a;x
5006;209;252;230;a;x
5007;221;118;209;a;x
5008;157;12;103;a;x
5009;94;1;192;a;x
5010;253;85;70;a;x
5011;88;8;73;a;x
5012;201;129;40;a;x
5013;179;46;215;a;x
5014;243;103;44;a;x
5015;99;211;12;a;x
5016;240;141;232;a;x
5017;210;106;58;a;x
5018;200;199;145;a;x
5019;241;164;155;a;x
5020;8;163;55;a;x
5021;96;24;111;a;x
5022;7;219;54;a;x
5023;16;18;66;a;x
5024;200;224;3;a;x
5025;249;94;150;a;x
5026;112;39;248;a;x
5027;166;96;84;a;x
5028;46;93;227;a;x
5029;51;193;1;a;x
5030;122;223;171;a;x
5031;221;126;182;a;x
5032;145;174;131;a;x
5033;140;10;240;a;x
5034;46;154;201;a;x
5035;38;2;131;a;x
5036;94;202;177;a;x
5037;152;154;162;a;x
5038;133;43;249;a;x
5039;71;218;196;a;x
5040;41;71;164;a;x
5041;170;248;223;a;x
5042;231;78;218;a;x
5043;51;18;101;Japan-start;x
5044;164;200;35;x;x
5045;119;83;56;x;x
5046;14;119;17;x;x
5047;225;187;27;x;x
5048;95;170;141;x;x
5049;39;23;64;x;x
5050;168;19;6;x;x
5051;133;229;19;x;x
5052;218;123;88;x;x
5053;60;43;173;x;x
5054;147;148;152;x;x
5055;47;188;230;x;x
5056;84;82;148;x;x
5057;0;210;34;x;x
5058;159;223;247;x;x
5059;171;60;54;x;x
5060;233;216;200;x;x
5061;251;197;75;x;x
5062;15;81;186;x;x
5063;108;21;214;x;x
5064;35;212;252;x;x
5065;47;189;116;x;x
5066;28;6;172;x;x
5067;59;241;30;x;x
5068;66;91;176;x;x
5069;155;143;136;x;x
5070;102;60;59;x;x
5071;183;87;84;x;x
5072;167;27;8;x;x
5073;235;67;115;x;x
5074;85;157;9;x;x
5075;115;124;15;x;x
5076;123;19;183;x;x
5077;125;84;117;x;x
5078;35;205;60;x;x
5079;208;242;84;x;x
5080;123;32;37;x;x
5081;37;73;159;x;x
5082;82;42;50;x;x
5083;219;167;78;x;x
5084;247;136;136;x;x
5085;110;44;92;x;x
5086;7;56;42;x;x
5087;134;21;84;x;x
5088;182;124;148;x;x
5089;37;60;1;x;x
5090;216;144;128;x;x
5091;4;165;73;x;x
5092;243;247;107;x;x
5093;102;30;127;x;x
5094;48;101;29;x;x
5095;112;119;31;x;x
5096;198;62;252;x;x
5097;200;201;158;x;x
5098;204;135;254;x;x
5099;210;49;58;x;x
5100;118;72;54;x;x
5101;188;34;51;x;x
5102;235;82;56;x;x
5103;56;244;32;x;x
5104;217;232;213;x;x
5105;231;48;43;x;x
5106;90;203;64;x;x
5107;252;111;58;x;x
5108;48;187;159;x;x
5109;157;90;11;x;x
5110;40;147;182;x;x
5111;84;39;232;x;x
5112;58;118;234;x;x
5113;163;215;222;x;x
5114;211;188;104;x;x
5115;0;253;114;x;x
5116;207;64;38;x;x
5117;206;158;70;x;x
5118;109;173;142;x;x
5119;69;175;223;x;x
5120;48;36;76;x;x
5121;71;123;126;x;x
5122;109;130;206;x;x
5123;109;242;96;x;x
5124;63;245;184;x;x
5125;222;8;176;x;x
5126;184;64;8;x;x
5127;195;108;93;x;x
5128;112;230;61;x;x
5129;20;212;97;x;x
5130;188;60;26;x;x
5131;240;156;120;x;x
5132;189;168;178;x;x
5133;34;248;48;x;x
5134;13;41;55;x;x
5135;159;64;223;Taiwan start;x
5136;92;234;58;x;x
5137;254;244;32;x;x
5138;109;235;238;x;x
5139;237;15;175;x;x
5140;231;100;158;Qi-two-start;x
5141;3;229;114;a;x
5142;45;118;75;a;x
5143;107;189;37;a;x
5144;80;31;48;a;x
5145;147;94;157;a;x
5146;103;54;117;a;x
5147;201;198;41;a;x
5148;38;96;5;a;x
5149;236;220;213;a;x
5150;49;214;193;a;x
5151;243;106;29;a;x
5152;21;122;77;a;x
5153;72;145;39;a;x
5154;34;228;137;a;x
5155;123;168;3;a;x
5156;116;190;183;a;x
5157;188;51;127;a;x
5158;190;178;254;a;x
5159;20;160;173;a;x
5160;136;171;126;a;x
5161;236;167;135;a;x
5162;247;200;232;a;x
5163;229;230;14;a;x
5164;169;71;60;a;x
5165;148;59;50;a;x
5166;65;91;120;a;x
5167;22;101;7;a;x
5168;162;108;121;a;x
5169;32;30;215;a;x
5170;74;219;168;a;x
5171;133;187;205;a;x
5172;210;64;104;a;x
5173;241;236;161;a;x
5174;180;63;210;a;x
5175;5;78;111;a;x
5176;229;57;141;a;x
5177;192;238;163;a;x
5178;51;194;186;a;x
5179;148;92;146;a;x
5180;129;155;211;a;x
5181;236;130;110;a;x
5182;232;167;32;a;x
5183;203;246;133;a;x
5184;220;133;50;a;x
5185;156;219;2;a;x
5186;196;208;239;a;x
5187;63;79;176;a;x
5188;7;128;22;a;x
5189;209;73;224;a;x
5190;141;147;36;a;x
5191;75;7;80;a;x
5192;183;66;80;a;x
5193;148;153;3;a;x
5194;100;89;249;a;x
5195;179;141;219;a;x
5196;196;237;77;a;x
5197;1;96;1;a;x
5198;123;71;172;a;x
5199;116;179;194;Qi-two-end;x
5200;167;0;53;Wu-start;x
5201;34;100;40;a;x
5202;79;42;186;a;x
5203;118;55;15;a;x
5204;100;159;61;smol-island;x
5205;247;25;5;a;x
5206;94;252;22;a;x
5207;221;62;131;a;x
5208;158;183;200;a;x
5209;189;51;30;a;x
5210;59;97;98;a;x
5211;88;50;146;a;x
5212;143;99;15;a;x
5213;218;115;118;a;x
5214;237;119;208;a;x
5215;151;18;193;a;x
5216;218;253;99;a;x
5217;114;146;187;a;x
5218;183;2;103;a;x
5219;52;182;174;a;x
5220;111;168;25;a;x
5221;193;28;181;a;x
5222;217;80;43;a;x
5223;221;241;64;a;x
5224;180;216;198;a;x
5225;211;233;62;a;x
5226;51;60;110;a;x
5227;143;69;172;a;x
5228;234;82;64;a;x
5229;229;94;45;a;x
5230;201;57;91;a;x
5231;82;250;108;a;x
5232;58;206;216;a;x
5233;108;107;26;a;x
5234;5;232;100;a;x
5235;89;117;220;a;x
5236;158;102;107;a;x
5237;201;19;216;a;x
5238;100;27;197;a;x
5239;248;44;20;a;x
5240;97;28;72;a;x
5241;145;250;145;a;x
5242;246;30;118;a;x
5243;57;9;169;a;x
5244;200;142;205;a;x
5245;246;11;34;a;x
5246;151;58;62;a;x
5247;201;208;193;a;x
5248;166;87;127;a;x
5249;206;89;132;a;x
5250;252;101;102;a;x
5251;34;252;83;a;x
5252;158;180;67;a;x
5253;2;228;193;a;x
5254;42;9;62;a;x
5255;123;47;12;a;x
5256;125;173;91;a;x
5257;171;188;7;a;x
5258;114;42;95;a;x
5259;182;241;184;a;x
5260;90;12;205;a;x
5261;191;8;234;a;x
5262;15;101;250;a;x
5263;40;216;32;a;x
5264;161;96;48;a;x
5265;56;61;68;a;x
5266;140;252;20;a;x
5267;167;191;82;a;x
5268;49;77;201;a;x
5269;26;208;49;a;x
5270;1;37;93;a;x
5271;160;164;141;Wu-END;x
5272;52;160;224;a;x
5273;196;44;52;a;x
5274;245;2;16;a;x
5275;178;219;51;a;x
5276;218;82;66;a;x
5277;247;215;114;a;x
5278;15;101;201;a;x
5279;209;162;73;a;x
5280;167;109;199;a;x
5281;151;23;148;a;x
5282;13;176;108;a;x
5283;6;55;65;a;x
5284;150;99;93;a;x
5285;6;64;208;a;x
5286;167;194;172;a;x
5287;158;2;206;a;x
5288;86;226;108;a;x
5289;136;3;197;Wu-END;x
5290;247;229;40;Min-start;x
5291;101;104;26;a;x
5292;115;26;37;a;x
5293;5;232;76;a;x
5294;202;109;34;a;x
5295;15;33;3;a;x
5296;92;19;230;a;x
5297;29;241;199;a;x
5298;81;41;156;a;x
5299;180;63;157;a;x
5300;213;78;45;a;x
5301;227;0;121;a;x
5302;227;202;80;a;x
5303;73;24;221;a;x
5304;195;47;82;a;x
5305;228;27;195;a;x
5306;113;109;14;a;x
5307;123;37;177;a;x
5308;129;174;38;a;x
5309;22;174;0;a;x
5310;123;157;211;a;x
5311;62;224;140;a;x
5312;226;123;35;a;x
5313;11;137;184;a;x
5314;46;28;46;a;x
5315;108;19;107;a;x
5316;74;56;35;a;x
5317;22;182;200;a;x
5318;208;9;84;a;x
5319;251;23;39;a;x
5320;228;15;118;a;x
5321;13;87;150;a;x
5322;88;175;65;a;x
5323;116;138;30;a;x
5324;142;221;112;a;x
5325;190;89;187;a;x
5326;212;27;250;a;x
5327;130;225;24;a;x
5328;202;24;140;a;x
5329;101;209;161;a;x
5330;6;253;37;a;x
5331;107;173;190;a;x
5332;50;87;245;a;x
5333;246;228;213;a;x
5334;252;210;77;a;x
5335;130;54;77;a;x
5336;109;132;54;a;x
5337;107;254;81;a;x
5338;60;189;186;a;x
5339;248;188;0;a;x
5340;14;131;195;a;x
5341;120;181;46;a;x
5342;154;212;152;a;x
5343;168;207;63;a;x
5344;186;123;188;a;x
5345;181;239;160;a;x
5346;36;215;62;a;x
5347;90;161;106;a;x
5348;135;26;116;a;x
5349;205;146;191;a;x
5350;3;145;176;a;x
5351;129;232;238;a;x
5352;184;220;17;a;x
5353;29;230;59;a;x
5354;220;69;52;a;x
5355;198;243;204;a;x
5356;65;160;84;a;x
5357;118;21;220;a;x
5358;35;150;85;a;x
5359;25;106;207;a;x
5360;34;230;33;a;x
5361;4;53;111;a;x
5362;191;92;87;a;x
5363;124;63;51;a;x
5364;161;51;209;a;x
5365;162;192;157;a;x
5366;23;245;174;a;x
5367;107;23;253;a;x
5368;98;3;86;a;x
5369;31;218;198;a;x
5370;70;83;86;a;x
5371;121;42;48;a;x
5372;165;35;59;a;x
5373;184;164;150;a;x
5374;152;203;215;a;x
5375;147;134;73;a;x
5376;159;222;244;a;x
5377;189;174;195;a;x
5378;216;252;31;a;x
5379;24;218;157;a;x
5380;42;71;229;a;x
5381;151;136;240;a;x
5382;241;60;41;a;x
5383;34;236;210;a;x
5384;188;153;50;a;x
5385;51;76;168;a;x
5386;147;206;94;a;x
5387;217;93;221;a;x
5388;117;19;68;a;x
5389;229;180;166;a;x
5390;174;186;57;a;x
5391;10;15;206;a;x
5392;219;36;175;a;x
5393;144;166;162;a;x
5394;195;31;24;a;x
5395;114;42;154;a;x
5396;215;102;41;a;x
5397;191;110;49;a;x
5398;208;139;225;a;x
5399;87;201;180;a;x
5400;214;113;104;a;x
5401;168;91;48;a;x
5402;222;231;225;a;x
5403;104;135;188;a;x
5404;118;15;30;a;x
5405;192;142;131;a;x
5406;30;18;105;a;x
5407;235;62;72;a;x
5408;90;146;35;a;x
5409;114;55;220;a;x
5410;3;106;249;a;x
5411;185;97;245;a;x
5412;38;124;66;a;x
5413;135;239;242;a;x
5414;20;36;37;a;x
5415;158;105;100;a;x
5416;41;69;184;a;x
5417;61;247;21;a;x
5418;229;169;128;a;x
5419;174;212;125;a;x
5420;54;31;116;a;x
5421;42;240;82;a;x
5422;245;21;75;a;x
5423;87;215;69;a;x
5424;205;77;92;a;x
5425;174;86;66;a;x
5426;223;114;1;a;x
5427;117;240;227;a;x
5428;152;65;135;a;x
5429;165;243;165;a;x
5430;59;3;46;a;x
5431;250;58;248;a;x
5432;59;188;121;a;x
5433;114;114;211;a;x
5434;67;133;48;a;x
5435;100;174;120;a;x
5436;180;219;115;a;x
5437;32;146;210;a;x
5438;149;227;129;a;x
5439;67;164;192;a;x
5440;68;242;71;a;x
5441;245;83;32;a;x
5442;191;117;152;a;x
5443;219;147;125;a;x
5444;153;7;103;a;x
5445;86;115;154;a;x
5446;164;10;108;a;x
5447;125;19;200;a;x
5448;218;212;145;a;x
5449;97;23;236;a;x
5450;211;163;100;a;x
5451;170;151;172;a;x
5452;178;87;119;a;x
5453;97;153;50;a;x
5454;247;103;47;a;x
5455;58;202;150;a;x
5456;35;136;2;a;x
5457;184;14;2;a;x
5458;41;140;234;a;x
5459;215;169;227;a;x
5460;48;30;41;a;x
5461;123;34;96;a;x
5462;133;20;251;a;x
5463;120;247;193;a;x
5464;47;133;74;a;x
5465;109;219;51;a;x
5466;253;60;134;a;x
5467;104;70;112;a;x
5468;163;95;181;a;x
5469;199;58;32;a;x
5470;10;151;195;a;x
5471;37;1;129;a;x
5472;171;252;240;a;x
5473;236;110;246;a;x
5474;238;112;118;a;x
5475;53;21;139;a;x
5476;237;23;184;a;x
5477;243;56;89;a;x
5478;177;174;222;a;x
5479;119;61;185;a;x
5480;253;174;124;a;x
5481;10;114;16;a;x
5482;65;54;198;a;x
5483;201;169;101;a;x
5484;5;238;197;a;x
5485;227;179;165;a;x
5486;33;85;149;a;x
5487;190;209;145;a;x
5488;119;11;97;a;x
5489;130;161;171;a;x
5490;247;14;205;a;x
5491;28;108;127;a;x
5492;35;82;225;a;x
5493;162;104;43;a;x
5494;96;159;169;a;x
5495;205;157;28;a;x
5496;240;70;160;a;x
5497;88;99;7;a;x
5498;196;57;7;a;x
5499;89;209;172;a;x
5500;71;39;185;a;x
5501;111;109;5;a;x
5502;195;201;251;a;x
5503;4;44;227;a;x
5504;167;68;59;a;x
5505;132;199;13;a;x
5506;208;168;67;a;x
5507;156;66;78;a;x
5508;56;65;14;a;x
5509;188;181;106;a;x
5510;26;215;197;a;x
5511;167;32;72;a;x
5512;93;3;145;a;x
5513;178;30;133;a;x
5514;62;99;142;a;x
5515;18;12;68;a;x
5516;91;254;216;a;x
5517;194;57;83;a;x
5518;76;93;38;a;x
5519;18;122;233;a;x
5520;225;44;10;a;x
5521;125;47;210;a;x
5522;176;50;109;a;x
5523;209;121;207;a;x
5524;40;29;5;a;x
5525;76;105;116;a;x
5526;157;224;135;a;x
5527;65;198;221;a;x
5528;94;27;57;a;x
5529;21;199;75;a;x
5530;106;113;40;a;x
5531;180;223;208;a;x
5532;19;13;37;a;x
5533;249;245;141;a;x
5534;153;88;133;a;x
5535;92;176;189;a;x
5536;166;249;19;a;x
5537;78;230;18;a;x
5538;151;7;203;a;x
5539;173;230;206;a;x
5540;53;3;93;a;x
5541;253;54;94;a;x
5542;103;82;231;a;x
5543;73;12;81;a;x
5544;151;11;31;a;x
5545;182;53;241;a;x
5546;186;208;120;a;x
5547;197;69;75;a;x
5548;237;125;147;a;x
5549;71;18;190;a;x
5550;0;106;237;a;x
5551;13;201;59;a;x
5552;143;155;48;a;x
5553;184;2;54;a;x
5554;98;92;3;a;x
5555;9;169;158;a;x
5556;84;48;74;a;x
5557;53;190;80;a;x
5558;156;235;206;a;x
5559;189;224;62;a;x
5560;119;180;18;a;x
5561;172;16;59;a;x
5562;4;198;48;a;x
5563;93;218;205;a;x
5564;111;44;75;a;x
5565;190;113;81;a;x
5566;213;15;4;a;x
5567;114;148;18;a;x
5568;125;99;155;a;x
5569;29;63;200;a;x
5570;149;86;46;a;x
5571;210;251;101;a;x
5572;221;98;196;a;x
5573;9;98;2;a;x
5574;227;182;106;a;x
5575;13;166;249;a;x
5576;97;183;11;a;x
5577;20;199;150;a;x
5578;94;253;160;a;x
5579;127;51;1;a;x
5580;133;202;42;a;x
5581;179;92;99;a;x
5582;70;95;14;a;x
5583;134;229;82;a;x
5584;253;110;211;a;x
5585;68;192;252;a;x
5586;179;135;139;a;x
5587;3;206;121;a;x
5588;189;142;93;a;x
5589;146;246;81;a;x
5590;239;3;128;a;x
5591;66;195;230;a;x
5592;179;64;241;a;x
5593;165;1;72;a;x
5594;224;175;152;a;x
5595;177;147;101;a;x
5596;158;146;56;a;x
5597;13;128;252;a;x
5598;42;234;187;a;x
5599;227;163;186;a;x
5600;36;228;131;a;x
5601;243;158;154;a;x
5602;106;10;47;a;x
5603;106;112;248;a;x
5604;55;117;92;a;x
5605;36;146;18;a;x
5606;0;91;20;a;x
5607;140;3;145;a;x
5608;244;5;135;a;x
5609;99;234;108;a;x
5610;210;135;53;a;x
5611;229;173;253;a;x
5612;56;204;201;a;x
5613;119;109;28;a;x
5614;162;23;188;a;x
5615;34;21;59;a;x
5616;210;65;19;a;x
5617;144;152;149;a;x
5618;248;214;215;a;x
5619;167;48;8;a;x
5620;127;111;222;a;x
5621;233;72;61;a;x
5622;167;142;36;a;x
5623;33;117;118;a;x
5624;105;243;106;a;x
5625;46;6;34;a;x
5626;10;77;104;a;x
5627;15;25;10;a;x
5628;91;248;52;a;x
5629;73;71;164;a;x
5630;12;145;56;a;x
5631;212;172;231;a;x
5632;165;141;165;a;x
5633;128;201;60;a;x
5634;108;252;59;a;x
5635;48;156;171;a;x
5636;130;89;153;a;x
5637;232;220;169;a;x
5638;214;76;16;a;x
5639;22;230;172;a;x
5640;53;68;235;a;x
5641;241;141;151;a;x
5642;141;134;136;a;x
5643;247;105;159;a;x
5644;199;241;8;a;x
5645;222;172;231;a;x
5646;95;15;171;a;x
5647;202;50;108;a;x
5648;179;152;134;a;x
5649;124;170;234;a;x
5650;7;254;226;a;x
5651;11;38;167;a;x
5652;238;181;15;a;x
5653;129;11;144;a;x
5654;149;164;90;a;x
5655;231;246;60;a;x
5656;126;139;15;a;x
5657;135;60;153;a;x
5658;201;120;124;a;x
5659;199;118;237;a;x
5660;207;127;93;a;x
5661;91;118;43;a;x
5662;198;15;191;a;x
5663;201;202;241;a;x
5664;138;179;188;a;x
5665;109;211;21;a;x
5666;251;21;209;a;x
5667;217;117;64;a;x
5668;228;113;69;a;x
5669;105;218;34;a;x
5670;187;140;140;a;x
5671;50;155;29;a;x
5672;142;24;157;a;x
5673;179;247;95;a;x
5674;14;18;67;a;x
5675;63;81;184;a;x
5676;88;112;86;a;x
5677;199;203;62;a;x
5678;42;253;202;a;x
5679;182;73;79;a;x
5680;208;7;189;a;x
5681;73;95;19;a;x
5682;40;140;5;a;x
5683;63;222;181;a;x
5684;163;159;89;a;x
5685;171;199;241;a;x
5686;82;250;145;a;x
5687;127;211;37;a;x
5688;4;198;116;a;x
5689;199;225;153;a;x
5690;37;61;101;a;x
5691;136;161;244;a;x
5692;86;105;16;a;x
5693;223;91;90;a;x
5694;5;222;146;a;x
5695;234;204;73;a;x
5696;39;146;93;a;x
5697;46;58;156;a;x
5698;51;157;145;a;x
5699;81;174;36;a;x
5700;36;75;240;a;x
5701;250;57;131;a;x
5702;54;0;38;a;x
5703;136;151;8;a;x
5704;53;114;61;a;x
5705;157;216;1;a;x
5706;206;52;131;a;x
5707;102;58;244;a;x
5708;62;197;55;a;x
5709;139;231;203;a;x
5710;197;127;171;a;x
5711;35;108;82;a;x
5712;205;59;75;a;x
5713;219;218;75;a;x
5714;48;235;196;a;x
5715;60;21;164;a;x
5716;152;112;79;a;x
5717;151;247;96;a;x
5718;67;34;236;a;x
5719;208;53;241;a;x
5720;140;219;218;a;x
5721;228;39;46;a;x
5722;113;121;247;a;x
5723;24;198;34;a;x
5724;13;98;135;a;x
5725;90;9;164;a;x
5726;180;147;242;a;x
5727;83;249;139;a;x
5728;31;107;239;a;x
5729;101;140;145;a;x
5730;7;247;83;a;x
5731;171;93;162;a;x
5732;111;24;114;a;x
5733;141;204;197;a;x
5734;84;64;111;a;x
5735;61;151;209;a;x
5736;209;106;244;a;x
5737;127;209;1;a;x
5738;244;202;146;a;x
5739;24;142;125;a;x
5740;66;0;136;a;x
5741;192;224;75;a;x
5742;226;212;11;a;x
5743;116;177;72;a;x
5744;185;104;65;a;x
5745;199;48;204;a;x
5746;114;14;152;a;x
5747;70;36;85;a;x
5748;113;231;91;a;x
5749;181;140;240;a;x
5750;125;201;9;a;x
5751;63;225;162;a;x
5752;142;159;30;a;x
5753;157;140;87;a;x
5754;144;37;156;a;x
5755;44;85;228;a;x
5756;189;209;39;a;x
5757;34;127;126;a;x
5758;139;37;68;a;x
5759;233;78;108;a;x
5760;82;254;221;a;x
5761;21;169;65;a;x
5762;126;93;47;a;x
5763;125;32;174;a;x
5764;148;58;36;a;x
5765;45;29;34;a;x
5766;127;241;139;a;x
5767;232;74;51;a;x
5768;17;183;155;a;x
5769;227;94;64;a;x
5770;214;138;23;a;x
5771;90;113;39;a;x
5772;166;52;233;a;x
5773;92;113;158;a;x
5774;102;46;27;a;x
5775;215;57;0;a;x
5776;79;224;187;a;x
5777;69;146;110;a;x
5778;114;92;69;a;x
5779;162;80;157;a;x
5780;206;47;144;a;x
5781;252;155;154;a;x
5782;155;22;110;a;x
5783;30;118;185;a;x
5784;165;10;92;a;x
5785;27;5;4;a;x
5786;216;80;206;a;x
5787;178;220;244;a;x
5788;33;58;39;a;x
5789;129;151;233;a;x
5790;173;151;112;a;x
5791;67;50;152;a;x
5792;222;43;37;a;x
5793;77;79;154;a;x
5794;231;251;202;a;x
5795;80;22;67;a;x
5796;113;229;202;a;x
5797;252;235;244;a;x
5798;163;192;119;a;x
5799;137;180;10;a;x
5800;17;116;207;a;x
5801;3;23;66;a;x
5802;245;21;76;a;x
5803;93;140;193;a;x
5804;104;127;5;a;x
5805;246;41;110;a;x
5806;139;70;44;a;x
5807;82;181;47;a;x
5808;58;146;88;a;x
5809;155;218;5;a;x
5810;48;148;46;a;x
5811;200;202;40;a;x
5812;219;251;148;a;x
5813;220;125;230;a;x
5814;241;8;195;a;x
5815;136;138;249;a;x
5816;91;25;16;a;x
5817;187;49;154;a;x
5818;233;236;118;a;x
5819;125;245;60;a;x
5820;215;174;93;a;x
5821;160;4;137;a;x
5822;228;128;87;a;x
5823;69;134;148;a;x
5824;87;250;62;a;x
5825;51;134;7;a;x
5826;213;38;23;a;x
5827;195;98;247;a;x
5828;143;10;81;a;x
5829;178;72;67;a;x
5830;14;156;102;a;x
5831;171;148;36;a;x
5832;153;34;9;a;x
5833;247;15;20;a;x
5834;125;80;176;a;x
5835;0;213;85;a;x
5836;202;141;47;a;x
5837;204;110;47;a;x
5838;187;45;205;a;x
5839;122;63;156;a;x
5840;61;86;55;a;x
5841;196;208;250;a;x
5842;31;15;102;a;x
5843;77;57;167;a;x
5844;195;180;244;a;x
5845;212;8;65;a;x
5846;246;199;230;a;x
5847;172;117;43;a;x
5848;83;203;1;a;x
5849;91;44;234;a;x
5850;144;253;226;a;x
5851;164;90;140;China-End;x
5852;205;152;137;Australien-start;x
5853;226;42;118;x;x
5854;203;39;19;x;x
5855;30;148;87;x;x
5856;152;166;104;x;x
5857;104;227;47;x;x
5858;114;201;62;x;x
5859;56;213;172;x;x
5860;86;62;66;x;x
5861;3;214;66;x;x
5862;132;137;178;x;x
5863;178;231;249;x;x
5864;169;68;108;x;x
5865;69;81;55;x;x
5866;109;7;230;x;x
5867;0;206;79;x;x
5868;61;40;56;x;x
5869;95;82;26;x;x
5870;106;236;253;x;x
5871;223;161;89;x;x
5872;62;2;145;x;x
5873;243;37;101;x;x
5874;236;155;77;x;x
5875;47;231;88;x;x
5876;171;189;63;x;x
5877;99;13;73;x;x
5878;108;155;15;x;x
5879;236;37;146;x;x
5880;193;176;110;Australien-Ende;x
5881;235;29;104;Tibet-Start;x
5882;44;105;19;x;x
5883;27;216;14;x;x
5884;38;30;39;x;x
5885;250;29;219;x;x
5886;182;16;95;x;x
5887;222;15;2;x;x
5888;129;86;16;x;x
5889;219;203;222;x;x
5890;57;177;47;x;x
5891;182;228;246;x;x
5892;40;114;35;x;x
5893;223;153;124;x;x
5894;156;17;248;x;x
5895;21;34;147;x;x
5896;41;197;238;x;x
5897;63;14;222;x;x
5898;138;235;12;x;x
5899;228;132;247;x;x
5900;162;192;217;x;x
5901;239;205;245;x;x
5902;48;93;87;x;x
5903;214;29;139;x;x
5904;191;151;77;x;x
5905;50;135;166;x;x
5906;0;191;198;x;x
5907;4;230;224;x;x
5908;242;113;34;x;x
5909;8;206;196;x;x
5910;110;119;125;x;x
5911;166;203;186;x;x
5912;51;172;149;x;x
5913;129;21;196;x;x
5914;248;180;70;x;x
5915;115;68;209;x;x
5916;122;134;177;x;x
5917;196;17;231;x;x
5918;51;165;119;x;x
5919;100;97;225;x;x
5920;209;217;152;x;x
5921;250;181;188;x;x
5922;186;192;153;x;x
5923;170;235;238;x;x
5924;33;170;244;Tibet-Ende;x
5925;145;134;124;x;x
5926;110;240;124;x;x
5927;199;119;144;x;x
5928;232;43;80;x;x
5929;136;52;217;x;x
5930;131;55;71;x;x
5931;47;11;182;x;x
5932;93;174;150;x;x
5933;201;173;12;x;x
5934;169;253;105;x;x
5935;74;9;177;x;x
5936;117;139;59;x;x
5937;111;201;213;x;x
5938;205;22;86;x;x
5939;33;73;14;x;x
5940;189;29;228;x;x
5941;226;207;149;x;x
5942;63;6;43;x;x
5943;144;197;87;x;x
5944;11;89;206;x;x
5945;41;5;139;x;x
5946;71;162;204;x;x
5947;21;40;217;x;x
5948;245;78;242;x;x
5949;187;217;130;x;x
5950;63;104;10;x;x
5951;34;188;208;x;x
5952;187;87;218;x;x
5953;78;218;101;x;x
5954;96;69;124;x;x
5955;185;175;47;x;x
5956;58;149;46;x;x
5957;31;25;129;x;x
5958;253;100;39;x;x
5959;214;107;239;x;x
5960;128;185;104;x;x
5961;216;125;245;x;x
5962;122;24;227;x;x
5963;180;120;121;x;x
5964;53;18;15;x;x
5965;94;115;37;x;x
5966;109;22;170;x;x
5967;189;158;33;x;x
5968;64;218;55;x;x
5969;160;60;216;x;x
5970;189;230;47;x;x
5971;170;195;51;x;x
5972;65;74;150;x;x
5973;135;46;142;x;x
5974;164;145;106;x;x
5975;74;68;121;x;x
5976;167;5;74;x;x
5977;93;245;32;x;x
5978;154;29;239;x;x
5979;122;2;115;x;x
5980;187;219;113;x;x
5981;187;25;236;x;x
5982;42;249;246;x;x
5983;124;246;138;x;x
5984;43;223;154;x;x
5985;191;90;230;x;x
5986;10;25;10;x;x
5987;122;73;117;x;x
5988;183;53;78;x;x
5989;164;184;170;x;x
5990;97;116;173;x;x
5991;31;86;144;x;x
5992;234;91;34;x;x
5993;87;214;100;x;x
5994;236;19;49;x;x
5995;170;27;212;x;x
5996;32;151;30;x;x
